Name,Price,Size
UNKNOWN NAME,12000,
คอนโดTheOriginRam,9000,22.68 
Eliodelnestudomsuk,19000,39 
FourSeasonsPrivateResidencesBangkok,280000,
FynnAsokeSukhumvit,55000,41 
LaviqSukhumvit,110000,86 
TheTempoGrandSathorn-Wutthakatเดอะเทมโปแกรนด์สาทร-วุฒากาศติดรถไฟฟ้าBTSสถานีวุฒากาศสายสีลมทางออก,26000,35 
One,150000,
One,55000,
One,55000,58 
SiameseRama,70000,
TcgreencondoRCA,18000,
TcgreencondoRCA,18000,41 
TheLivinphetkasem,14000,
Thelivinphetkasem,14000,32 
Theparklandphetkasem,14000,
Theparklandphetkasem,14000,35 
Udelight@HuaikhwangStation,18000,42 
ชีวาทัยเพชรเกษม,12000,
Ashtonchula-silom,35000,32 
UNKNOWN NAME,14000,24 
UNKNOWN NAME,22000,38 
UNKNOWN NAME,26000,43 
UNKNOWN NAME,11000,28 
UNKNOWN NAME,16000,26 
UNKNOWN NAME,22000,30.56 
UNKNOWN NAME,14000,26.07 
UNKNOWN NAME,27000,35 
UNKNOWN NAME,30000,38.5 
CondoTHELINEPhahonyothinParkคอนโดเดอะไลน์พหลโยธินพาร์ค,18000,32.5 
คอนโดเอ็กซ์ทีห้วยขวางใกล้MRTห้วยขวาง,26000,35 
UNKNOWN NAME,20000,40 
คอนโดศรีนครินทร์อัสสกาญจน์เพลสศรีนครินทร์คอนโดติดถนนใหญ่ศรีนครินทร์ใกล้รถไฟฟ้าARLหัวหมากใกล้รถไฟฟ้าสายสีเหลืองสถานีพัฒนาการค่า,8000,29.24 
คอนโดวิชซิกเนเจอร์CondoWishsignatureMidtownSiamBtsRatchatewiชั้น,26500,34 
คอนโดรามคำแหงโครงการดีคอนโดรามคำแหง,10000,
คอนโดรามคำแหงโครงการดีคอนโดรามคำแหง,10000,29 
LifeAsoke-Rama,39000,
LifeAsoke-Rama,39000,
คอนโดChewathaiHallmarkLadprao-Chokchai,12000,32 
บ้านใกล้MRTรัชดาวิภาวดี,15000,
คอนโดEstaBlissมีนบุรีใกล้mrtสถานีเศรษฐบุตรบำเพ็ญค่า,7000,24 
คอนโดEstaBlissมีนบุรีใกล้mrtสถานีเศรษฐบุตรบำเพ็ญค่า,7000,
คอนโดTheOriginRam,9000,
โครงการElioสาทร-วุฒากาศ,9500,25 
คอนโดThePrivacyJatujakเดอะไพรเวซี่จตุจักร,16000,27 
คอนโดTheTreeพัฒนาการ-เอกมัยใหม่มือ,13000,26.90 
คอนโดGrandCondominiumWutthakatแกรนด์คอนโดมิเนียมวุฒากาศถนนจอมทองชั้น,8000,27.4 
คอนโด𝐓𝐡𝐞𝐏𝐫𝐢𝐯𝐚𝐜𝐲𝐉𝐚𝐭𝐮𝐣𝐚𝐤เดอะไพรเวซี่จตุจักร,16000,27 
UNKNOWN NAME,13500,35 
FLEXISathon-Charoennakornเฟล็กซี่สาทร-เจริญนครใกล้BTSกรุงธนบุรีal,13000,25.50 
UNKNOWN NAME,7000,21.55 
เมโทรลักซ์โรสโกลด์MetroLuxeRosegoldอินทามระ,13000,35 
Happycondoลาดพร้าว,13000,
IdeoQSukhumvit,33000,38.5 
KnightsbridgeSukhumvit-Thepharakไนท์บริดจ์สุขุมวิท-เทพารักษ์,10000,23 
CondoletteIzeRatchathewiคอนโดเลตไอซ์ราชเทวี,20000,30 
KnightsbridgePhahonyotininterchange,30000,
คอนโดTheCapitalAkamaiThonglorใกล้BTSเอกมัยและทองหล่อค่า,19000,
คอนโดTheCapitalAkamaiThonglorใกล้BTSเอกมัยและทองหล่อค่า,19000,36 
𝘿𝙘𝙤𝙣𝙙𝙤𝙃𝙮𝙥𝙚𝙍𝙖𝙣𝙜𝙨𝙞𝙩ดีคอนโดไฮป์รังสิต,10000,24 
คอนโดสวยพิเศษTheLine,20000,33 
คอนโดอัลติจูดยูนิคอร์นสาธร-ท่าพนะ,12500,24.12 
คอนโดเลี้ยงสัตว์ได้ชีวาทัยฮอลล์มาร์คลาดพร้าว-โชคชัย,16000,31.95 
คอนโดRegalOnnut-Srinakarin,13000,28.5 
Maestro,23000,34 
โครงการศุภาลัยลอฟท์สาทร-ราชพฤกษ์InterchangeBTSMRTบางหว้าขนาด,23000,56.10 
ORIGINรามคำแหง,10900,
Liferama,30000,
คอนโดRhythmsathornสาทรใกล้BTSสถานีสะพานตากสิน,20000,35 
คอนโดไนท์บริดจ์สุขุมวิทเทพารักษ์KnightsbridgeSukhumvit-TheparakติดMRTสายสีเหลืองสถานีทิพวัลย์,11000,27.68 
คอนโดรีเจ้นท์โฮมบางนาRegenthomeBangNaBTSบางนา,11000,28 
คอนโดรีเจ้นท์โฮมบางนาRegenthomeBangNaใหม่BTSบางนา,10000,28 
คอนโดเอสเปซเมกาASpaceMegaติดห้างIkeaและMegaบางนา,8500,28.52 
ไอดีโอสุขุมวิท,8500,28 
คอนโดเดอะพาร์คแลนด์เพชรเกษม,14000,30 
คอนโดไอดีโอโมบิจรัญ-อินเตอร์เชนจ์IdeoMobiCharanInterchange,9000,22 
TheOriginOnnutดิออริจิ้นอ่อนนุช,15000,
TheOriginOnnutดิออริจิ้นอ่อนนุช,15000,22 
คอนโดไอวี่แอมพิโอตรงรัชดา,55000,81 
Maestro,23000,34 
Maestro,23000,34 
UNKNOWN NAME,18000,40 
TheTempoGrandSathorn-Wutthakatเดอะเทมโปแกรนด์สาทร-วุฒากาศติดรถไฟฟ้าBTSสถานีวุฒากาศสายสีลมทางออก,12000,35 
คอนโดทำเลดีAspireRatchayothinคอนโดแอสปายรัชโยธินพิเศษ,16000,29 
ASHTONSilomแอชตันสีลม,68000,
Liferama,30000,40 
คอนโดIDEOMobiSukhumvitEastpointใกล้BTSบางนา&แบริ่ง@,13500,
 Knightsbridge Prime Ratchayothin ,20000,
KnightsbridgeSkycitySaphanmai,9500,23 
KnightsbridgeSpaceRatchayothin,28000,
MazarineRatchayothin,22000,
MazarineRatchayothin,22000,37 
KnightsbridgeSpaceRatchayothin,28000,37 
TheOriginลาดพร้าว-บางกะปิ,20000,
TheOriginลาดพร้าว-บางกะปิ,20000,25.5 
ASpaceMeSukhumvit,8500,30 
ASPACEMEGA,7999,
คอนโดเลตมิสท์พระราม,15000,29 
UNKNOWN NAME,12000,28 
UNKNOWN NAME,23000,29 
UNKNOWN NAME,58000,86 
CondoOneXSukhumvit,25000,
IDEONEWRAMA,25000,52.92 
SupalaiPremierSiphraya-Samyan,28000,42 
THELINEPhahonyothinParkสถานีรถไฟฟ้าห้าแยกลาดพร้าว,18000,32.5 
UNKNOWN NAME,26500,35 
UNKNOWN NAME,49000,
UNKNOWN NAME,38000,45 
UNKNOWN NAME,10500,26 
UNKNOWN NAME,10000,
UNKNOWN NAME,10000,27 
IdeoO,12500,
CocoParcRama,25000,
คอนโดQuintaraPhumeSukhumvit,21000,34.85 
ออริจิ้นปลั๊ก&เพลย์นนทบุรีสเตชั่นOriginPlug&PlayNonthaburi,15000,23.3 
UNKNOWN NAME,12500,29 
คอนโดไอดีโอสาทร-ท่าพระใกล้BTSโพธินิมิตรIdeoSathorn-Thapra,9000,21 
KraamSukhumvit,65000,60 
CocoParcRama,25000,26 
คอนโดNicheMonoรัชวิภา,19000,54 
Airportlinkramkhamhaeng,25000,
AshtonResidenceSukhumvit,80000,
AshtonSilom,37000,
AspireNgamwongwanแอสปายงามวงศ์วานใกล้มเกษตร-มศรีปทุม,8500,
AspireRama,12000,28 
AspireRatchayothinแอสปายรัชโยธินใกล้BTSรัชโยธิน,15000,29 
AspireSathon-TaksinCopperZoneใกล้BTSสถานีวุฒากาศแค่,10500,27 
AspireSathorn-TaksinTimberZone,8500,32 
AspireSathorn-TaksinTimberZone,8500,31 
AspireSathorn-Thapra,13000,32 
AspireSukhumvit,16000,40 
AspireSukhumvit,16000,38.33 
AspireSukhumvit-OnnutAspireSukhumvitOnnutคอนโดแอสปายสุขุมวิท-อ่อนนุชซอยอ่อนนุช,15000,36.5 
Aspireสุขุมวิท,17000,
Aspireเอราวัณไพร์มติดbtsเอราวัณ,10000,
AstroChangwattanaMRTChangwattana-Pakkret,8500,28 
BangkokFerizสาทร-ตากสินใกล้btsกรุงธนบุรี,12000,
BELLEGRANDRAMA,90000,110 
BrownCondoRatchada,10000,25 
Brownratchada,9500,
BTSBangchak,16000,
BTSBangchak,16000,30 
BTSBangNa,15000,
BTSChongNonsi,38000,
BTSChongNonsi,38000,65 
BTSEkkamai,85000,
BTSKasetsartUniversity,12000,
BTSKasetsartUniversity,12000,26 
BTSOnNut,14500,
BTSPhraKhanong,32000,
BTSPhraKhanong,32000,50 
BTSPhromPhong,18000,
BTSพหลโยธิน,26000,
CentralBangna,8500,
CentricHuaiKhwangStationเซ็นทริคห้วยขวางสเตชั่น,17000,31.32 
CeroccoBangna,12000,29.8 
CeroccoBangna,12000,
ChapterCharoenNakhon-Riverside,17000,25.7 
ChapterOneAllRamintraMRTLatPlaKhao,11000,25 
CircleCondominiumNearMRTPhetchaburiHaveShuttleBus,26000,47.59 
CitiSmartSukhumvit,70000,120 
CondoBaanSukhumvit,18000,
CondoBaanสุขุมวิท,18000,
CondoCooperSiamคอนโดคูเปอร์สยาม,36000,51.5
NichePrideThonglor-PhetchaburiNearMRTPhetchaburiStation-,15000,32 
CondoLifeLadprao,15000,28.08 
CondoNeartoBTSChidlom,68000,
CondoRamkhamhaeng9,10000,29 
condoSukhumvit109ใกล้BTS,8000,30 
condoSukhumvit109ใกล้BTSแบริ่ง,8000,30 
CondoSuksawat64,8000,
CondoTheFINEBangkokthonglor-ekkamai,50000,
CondoTHEORIGINRam209,9000,23 
condoลาดพร้าว27ใกล้MRTลาดพร้าว,9000,35 
condodeeLine,9500,24.34 
UNKNOWN NAME,15000,35 
CondoletteDwellSukhumvit,23000,
CondoletteDwellSukhumvit,23000,42 
UNKNOWN NAME,50000,
CondominiumWutthakat,8000,
CondominiumWutthakat,8000,27.4 
UNKNOWN NAME,12000,28 
DCondoRamkhamhang,10000,30 
dBURAPranNokดีบุราพรานนก,13000,38 
dBURAPranNokดีบุราพรานนก,9500,30 
D-buraพรานนกSansiriใกล้รพศิริราชรพธนบุรี,13000,38 
DenimJatujakเดนิมจตุจักร,14000,27.9 
Destiny,79000,90 
ElioSathorn-Wutthakat,12000,32 
ElioSukhumvit,10000,32 
คอนโดIdeoMobiSukhumvitEastpointขนาด,13500,25 
RoomclosedBTSPhayathaiพญาไทคอนโดมีเนียมติดสถานีBTSพญาไท,25000,65 
THEREMARKABLESOONVIJAI,25000,55 
เมโทรสกายวุฒากาศคอนโดใหม่ล่าสุดชั้น,15000,35 
FlexiSathornCharoennakornเฟล็กซี่สาทร-เจริญนคร,11000,
FlexiSathornCharoennakornเฟล็กซี่สาทร-เจริญนคร,14000,
FlexiSathornCharoennakornเฟล็กซี่สาทร-เจริญนคร,14000,35 
UNKNOWN NAME,11000,30 
คอนโดรีเกิลสาทร-นราธิวาสค่า,18000,33 
QuattroThonglorbySansiri,70000,
TheLinePhaholyothinBตรงข้ามเซ็นทรัลลาดพร้าวเดอะไลน์พหลโยธินพาร์คตึกบีค่า,25000,41 
TheLinePhahonyothinParkภาษาไทยด้านล่างTheLinePhahonyothinPark,18000,32.5 
AshtonAsokeRama,35000,43.59 
AshtonChulasilomMRTสามย่านsamyanติดมจุฬารพจุฬา,50000,
AspireSukhumvit,16000,38.33 
BEATNIQSukhumvit,67000,
BelleGrandRama,26000,43 
CondoCelesAsokeเซอเลสอโศกMrtสุขุมวิทแยกอโศกเทอมินอล,250000,
CondoCelesAsokeเซอเลสอโศกMrtสุขุมวิทแยกอโศกเทอมินอล,250000,134 
cOne,20000,26 
HotDealLifeAsoke-Rama,16000,28 
HotDealLifeAsoke-Rama,16000,
IdeomixphaholyothinคอนโดIdeoMixสะพานควาย,18000,38.26 
IDEOMobiRangNamไอดีโอโมบิรางน้ำBTSอนุสาวรีย์ชัยสมรภูมิN,20000,
Ideonewrama,25000,
Kaveseedkasetเคฟซี้ดเกษตรใกล้มเกษตรใกล้BTSสวยใหม่เฟอร์ครบพร้อมเข้าอยู่วิวสวนเนื้อที่,12000,26 
LifeonewirelessCodeConPLG,26000,35 
Liferama,30000,
LumpiniPlaceRama,12000,37 
MagnoliasatRajadamriMagnoliasRatchadamriBoulevardChitLomE,75000,
MuniqSukhumvit,100000,
Parkoriginthonglorคอนโดพาร์คออริจิ้นทองหล่อคอนโดพาร์คออริจิ้นทองหล่อพื้นที่,35000,32.94 
Parkoriginthonglorคอนโดพาร์คออริจิ้นทองหล่อ,35000,32.94 
PremioVetroKasetสถานีเกษตรศาสตร์,16000,
RhythmRatchadaริทึ่มรัชดาคอนโดRhythmRatchadaขนาด,12000,35
Thelinejatujakmochitเดอะไลน์จตุจักรหมอชิตsize,25000,35
Thelinephahol-pradipatเดอะไลน์พหลฯ-ประดิพัทธ์Thelineพหลฯ-ประดิพัทธ์,20000,37.6 
TheParklandPhetkasem,18000,
WishSignature@MidtownSiamวิชซิกเนเจอร์มิดทาวน์สยาม,22000,34 
WishSignature@MidtownSiamวิชซิกเนเจอร์มิดทาวน์สยาม,23000,34 
WishSignature@MidtownSiamวิชซิกเนเจอร์มิดทาวน์สยาม,26500,35 
ภาษาไทยด้านล่าง𝐀𝐬𝐩𝐢𝐫𝐞𝐑𝐚𝐦𝐚𝟒,12000,
คอนโดEliodelnestudomsukเอลลิโอเดลเนสท์อุดมสุข,19000,39 
AspireSukhumvit,18000,
SuperLuxuryCondoTheMonumentThonglorDetailsSize,150000,
UNKNOWN NAME,45000,46 
AspireSukhumvit,18000,
CELESASOKELocationBTSAsoke,230000,134 
ChambersOnnutStation–Studio,20000,
FYNNAsokeLocationBTSAsoke,50000,41 
HiRiseratchayothinstationไฮไรส์รัชโยธินสเตชั่น,12000,28 
IDEOChula-SamyanLocationMRTSamyan,34000,45 
IDEOQChulaSamyan,23000,29 
KnightsbridgePhaholyothin-InterchangeLocationMRTPhahonYothinStationDuplex,30000,38 
KnightsBridgePrimeSathornLocationBTSChongNonsiDuplex,32000,44 
ModizStationโมดิซสเตชั่น,13000,26 
ModizStationโมดิซสเตชั่น,13000,
NoblePloenchit,75000,
QHouseSukhumvit,25000,43 
THEBANGKOKSATHORNLocationBTSSurasak,49000,61 
TheLoftEkkamaiLocationBTSEkkamai,32000,45 
TheRoomSukhumvit,40000,44 
WhizdomEssenceSukhumvitวิสซ์ดอมเอสเซ้นส์สุขุมวิทCornerUnitalprice,32000,45
WhizdomEssenceSukhumvitวิสซ์ดอมเอสเซ้นส์สุขุมวิทCornerUnitalprice,32000,
คอนโดพญาไทคอนโดมีเนียม,25000,65 
LifeLadpraoValley,27000,35 
BeatniqSukumvit,68000,
UNKNOWN NAME,31000,36 
ChapterCharoennakhorn-RiversideLocationBTSKrungThonburi,43500,49 
XTHuaiKhwangLocationMRTHuaiKhwang,39500,52 
FourSeasonsPrivateResidencesBangkok,250000,
FynnAsoke,30000,37 
GrandCondominiumWutthakatแกรนด์คอนโดมิเนียมวุฒากาศใกล้BTSวุฒากาศตลาดพลู,8000,27.4 
GrandCondominiumWutthakatBTSWuttakat,8000,29 
GrandCondominiumWutthakatแกรนด์คอนโดมิเนียมวุฒากาศอาคารB,8000,27.4 
GrandParkViewAsokeภาษาไทยด้านล่างNearMRTPetchburiBTSAsokefullyfurnished,18000,35 
HSukhumvit,43000,
Highlightสถานีอ่อนนุชอยู่หน้าโครงการ,19500,
HOTDEAL,8500,30 
I-Condoไอคอนโดอุดมสุขสุขุมวิท,8500,
Ideocharan,20000,
Ideocharan,20000,36 
IdeoCharan,16000,
IdeoMibiSukhumvitEastpointNearBTSBangna,13500,25 
Ideomobieastpoint,30000,53 
IDEOMobiRangnamไอดีโอโมบิรางน้ำใกล้BTSอนุสาวรีย์ชัยสมรภูมิ,22000,30.56 
IDEOMobiRangnamไอดีโอโมบิรางน้ำ,22000,30.56 
IdeomobiRangnamBTSVictoryMonument,18000,28 
IdeomobiSathornไอดีโอโมบิสาทร,22000,
IdeomobiSathornไอดีโอโมบิสาทรDuplex,28000,
IdeomobiSathornไอดีโอโมบิสาทรDuplex,28000,61 
IdeoMobiSukhumvitEastpointทำเลดีใกล้BTSบางนา,13500,25 
Ideomobi,20000,
IdeoMorph,34000,40 
IDEONewRama,25000,52 
Ideonewrama,25000,
IDEONewRama,16000,31 
IdeoQChula-Samyan,19500,27 
IDEOQCHULA-SAMYAN,22000,33.5 
IdeoQSukhumvit,42000,44.79 
IdeoRatchada-Sutthisanไอดีโอรัชดา-สุทธิสาร-ใกล้รถไฟฟ้าMRTสุทธิสาร,15500,35 
IdeoSukhumvit,15000,25.62 
IdeoVerveSukhumvit,20000,
IdeoVerveSukhumvit,920000,37 
IvyAmpio,28000,
Kaveseedkasetเคฟซี้ดเกษตร,12000,26 
Kaveseedkasetเคฟซี้ดเกษตรใกล้มเกษตรใกล้BTS,12000,26 
KAVESEEDKASETใBtsเกษตร,13500,26 
KawaHausBTSOnnut,21000,
KawaHausal,31000,
Kensingtonphaholyothin,12000,
KnightBridgeCollageSukhumvit,15000,33.5 
KnightbridgePrimeOnnutal,18000,
KnightbridgePrimeRatchayothin,15000,
KnightbrigeSpaceRatchayothinBTSพหลโยธิน,35000,38 
KnightsbridgePaholyithinInterchangeBTSWatPhraSriStation,38000,
knightsbridgeprimeratchayothin,16500,28 
knightsbridgeprimeratchayothin,17000,31 
KnightsbridgePrimeSathornไนท์บริดจ์ไพร์มสาทรช่องนนทรีChongNonsistationS,24000,
KnightsbridgePrimeSathornไนท์บริดจ์ไพร์มสาทร,38000,45 
knightsbridgespaceratchayothinคอนโดไนท์บริดจ์สเปซรัชโยธิน,28000,38 
KnightsBridgeThepharakCondominiumติดMRTทิพวัล,10000,23.88 
Landmark@MRTAStationSiameseRama,23500,
Latestunit@TheMasterCentriumCondoclosetoMRTSukhumvit&BTSAsok,50000,120 
LaviqSukhumvit,170000,
LeNiceEkkamaiSukhumvit,33000,67 
Life@Sukhumvit,20000,
LifeAsokHypeMRTRAMA,24000,33 
LifeAsokeHypeไลฟ์อโศกไฮป์,24000,33 
LifeAsokeHypecไลฟ์อโศกไฮป์NearMRTRama,25000,
LifeAsokeRama,225000,40 
LifeAsoke-Rama,19000,
LifeLadpraoValleylifeladpraovalleyal,20000,35 
LifeLadpraoValleyPrice,27000,35 
LifeonewirelessCondo,25000,28 
LifePhahon-Ladpraoไลฟ์พหล-ลาดพร้าว,25000,35 
LifePhahon-Ladpraoไลฟ์พหล-ลาดพร้าว,27000,35 
LifeSathornSierra,13500,
LifeSathornSierra,22000,35 
Lifesatornsierra,21000,35 
LifeSukhumvit,16000,
LifeSukhumvit,32000,50 
LifeSukhumvit,26000,49 
LumpiniPlaceRama,13000,28 
LumpiniPlaceRama,13000,29 
LYSSCondominiumRatchayothinลิสส์คอนโดมิเนียมรัชโยธิน,16000,35 
LYSSRatchayothinลิสส์รัชโยธินใกล้BTSพหลโยธิน,16000,35 
Maestro,23000,
MetroParkSathornMRTบางแคBTSบางหว้าBTSวุฒากาศชั้น,13000,57 
Metroskyratchada,12000,35 
MetroSkyWutthakat,16000,35 
MoniiqCondoคอนโดโมนีคสุขุมวิท,11000,28 
MoniiqCondoคอนโดโมนีคสุขุมวิท,11000,
MRTSriLasalle,17000,
MRTYaekFaiChai,11000,
MRTYaekFaiChai,11000,29 
MRTท่าพระยูนิโอจรัญ,7000,28 
MRTบางโพคอนโดเดอะทรีบางโพlTheTreeBangpo,10000,30 
MRTวงศ์สว่างคอนโดเดอะไลน์วงศ์สว่างTheLineWongsawang,12000,
MRTวงศ์สว่างคอนโดเดอะไลน์วงศ์สว่างTheLineWongsawang,12000,29 
MuniqSukhumvit,100000,
MyCondoSukhumvit,15000,35 
UNKNOWN NAME,Price,Size
คอนโดLIFEพหลโยธิน-ลาดพร้าวขนาด,27000,35 
NIABySansiri,13000,23 
NicheMonoRatchaviphaนิชโมโนรัชวิภา,9500,30 
NicheMonoSukhumvit-Bearingคอนโดใกล้BTSแบริ่ง,10000,28.5 
NobleAboveWireless-Ruamrudee,60000,95 
NobleB,52000,
NobleBe,42000,
NobleBE,32000,41 
NobleBE,33000,
NoblePloenchit,220000,180.61 
NobleReformติดBTSอารีย์,33000,
NobleReformNearBTSAri,33000,
NoblereformติดBTSอารีย์,33000,
NobleRemixSukhumvit,100000,121.42 
NobleState,31000,
NobleStateSukhumvit,35000,
NUECOREKHUKHOTSTATION,7500,23 
NuenobleSrinakarinนิวโนเบิลศรีนครินทร์-ลาซาลสถานีศรีลาซาล,11000,27 
NyebySansiri,18000,32 
CondoletteIzeRatchathewi,20000,30 
One,40000,41 
One,40000,42 
Onyxออนิกซ์พหลสะพานควายใกล้BTS,18000,40 
OriginPlug&PlayNonthaburiStationใกล้MRTแยกนนทบุรีสะพานพระนั่งเกล้า,15000,
OriginPlug&PlayNonthaburiStationใกล้MRTแยกนนทบุรีสะพานพระนั่งเกล้า,15000,27 
UNKNOWN NAME,25000,
UNKNOWN NAME,15000,
ไนท์บริด์พหลโยธินอินเตอร์เชนจ์ใกล้btsวัดพระศรี,14000,30 
คอนโดเดอลาพีสจรัญ,13000,34.84 
คอนโดQuintaraPhumeSukhumvit,21000,34.85 
OriginPlug&PlayRamkhamhaengTripleStationsรามคำแหง,17000,34 
ParkOriginThonglorparkoriginthongloral,30000,32
MJatujak,22000,
PetfriendlyReadytomoveinProjectMaestro,23000,
PGRama,2290000,29 
LifeonewirelessCondo,25000,28 
XTHuaikhwangNearMRTHuaiKhwang,18000,30 
XTHuaikhwang,18000,
QasokecondoclosetoMRTPhetburi,20000,
REACHPhahonYothin,8800,
RegalSathon-Naradhiwas,18000,33 
RegenthomeBangson,8500,28 
RegentHomeSukhumvit,9000,
RegentHome,7000,32 
RegentHome,47000,32 
ThePolitanAqua,15000,31 
LaviqCondo,170000,114 
RhythmEkkamaiCondoNearEkkamaiBTSStation​LocationRhythmEkkamai,39000,35 
RhythmratchadaHuaikwangติดMrtห้วยขวางNexttoMRTHuaikwang-,22000thb,45 
RHYTHMRATCHADAคอนโดริธึ่มรัชดาซอยรัชดา,20000,47.7 
RhythmSathornNearBTSofTaksinBridgeStation,20000,35 
RhythmSukhumvit,19000,36 
RhythmSukhumvit,60000,
RHYTHMsukhumvit,15500,24 
SaribySansiriBTSPunnawithi,15000,35 
Siamese,80000,136.38 
SiameseThirtyNineSukhumvit,80000,136.38 
SkyWalkResidenceสกายวอร์คเรสซิเดนซ์สถานีรถไฟฟ้าพระโขนง,37000,59 
SkyriseAvenueSukhumvit,28000,
SohoBangkokRatchadaคอนโดใหม่ใจกลางเมืองMRTห้วยขวาง,17000,26
SupalaiCutePhaholyothin,11000,40 
SupalaiCuteRatchayothin-Phaholyothin,12000,45.5 
SupalaiOrientalSukhumvit,24000,50 
SupalaiParkTalatPhluStation,14000,36.6 
SupalaiVerandaRamkhamhangMRTYakeLamsali,13000,30 
SuphalaiverandaSukhumvit,22000,65 
SVCityRama,28000,112 
TEALSathorn-Taksin,13500,35 
ThanaAstoriaPinklao,13000,30 
TheAddressChidlomคอนโดดิแอดเดรสชิดลมอยู่ในซอยสมคิดใกล้BTSชิดลมและเซ็นทรัลชิดลม,23000,40 
TheAddressPathumwanCD,35000,
THEBASESaphanmaiติดBTSสายหยุด,12500,28 
TheBaseSukhumvit,13000,27 
TheIssaraLadpraoForLocationLadprao,25000,
TheKeyMRTPhetkasem,13500,28 
THELINEJatujak-Mochitเดอะไลน์จตุจักร-หมอชิต,50000,66 
THELINEJatujak-Mochitเดอะไลน์จตุจักร-หมอชิต,17000,
thelinephaholyothinparkเดอะไลน์พหลโยธินพาร์ค,20000,
THELINEPhahon-Pradipatเดอะไลน์พหลฯ-ประดิพัทธ์,20000,34 
THELINEPhahonyothinParkใกล้BTSห้าแยกลาดพร้าว,18000,32.5 
TheLumpini,53000,56 
THEMUVEเดอะมูฟราม,8999,25 
TheNextGardenMixBTSOnnut,20000,
TheNicheTaksinเดอะนิชตากสิน-วงเวียนใหญ่ชั้น,14000,41 
ThePanoRama,24000,65 
TheParklandPhetkasem,17000,31 
ThePrivacyJatujakเดอะไพรเวซี่จตุจักร,16000,27 
ThePrivacyJatujakเดอะไพรเวซี่จตุจักร,16000,
ThePrivacyJatujakเดอะไพรเวซี่จตุจักร,15999,31 
ThePrivacyJatujak,16000,27 
ThePrivacyS,14000,27 
ThePrivacyS,13000,
TheRemarkAbleRama,25000,58 
TheReservePhahon-Pradipatal,22000,28.40 
TheReserveSathorn,61500,57 
ThetempograndWutthakatเดอะเทมโปแกรนด์วุฒากาศBtsวุฒากาศThetempoเดอะเทมโปวุฒากาศ,12000,
ThetreeRiobangaorStationMRT,12000,32 
TheTreeRioBangaorStationคอนโดติดMRTบางอ้อ,12000,32 
TS,13000,26.00 
UDelightResidenceRiverfrontRama,25000,56 
UcharoenResidenceTowninTown,27000,52 
UnioSukhumvit,20000,
WhizdomEssenceBTSPunnawithi​SwimmingPoolViewCornerRoom,25000,
Whizdom@PunnawithiStationวิชดอมปุณณวิถีBTSปุณณวิถี,20000,65 
WishSignatureMidtownSiam,22000,26.65 
WishSignatureMidtownSiam,23000,
XThuaikwang​เอ็กซ์ทีห้วยขวาง,18000,35 
Youhavetoseethepriceofthisoneona,40000,74 
ใกล้BTSสะพานควายคอนโดเดอะไลน์พหล-ประดิพัทธ์ว่างสิ้นเดือนกพ,20000,34 
ใกล้BTSสะพานควายและหมอชิตMRTจตุจักรคอนโดน็อตติงฮิลล์จตุจักรอินเตอร์เชนจ์NottingHillJatujakInterchangeซอยพหล,19000,33 
ใกล้BTSเสนานิคมคอนโดเอลลิโอเดลมอสพหลโยธิน,9500,26 
ใกล้BTSเสนานิคมเกษตรคอนโดเคฟซี้ดเกษตรKaveSeedKaset,12000,26 
ใกล้BTSห้าแยกลาดพร้าวคอนโดเดอะไลน์พหลโยธินพาร์คTHELINEPhahonyothinPark,18000,32.5 
ใกล้BTSห้าแยกลาดพร้าวคอนโดไลฟ์พหลฯ-ลาดพร้าวLifePhahon-LadpraoStudio,18000,29 
ใกล้MRTเตาปูนคอนโดเดอะสเตจเตาปูนTheStageTaopoon,12000,26 
ใกล้MRTวงศ์สว่างคอนโดเดอะไลน์วงศ์สว่างTheLineWongsawang,12000,32 
ใกล้MRTวงศ์สว่างคอนโดเดอะไลน์วงศ์สว่างTheLineWongsawang,12000,28.93 
ใกล้MRTสุทธิสาร,17000,29 
ใกล้SRTสถานีบางเขนคอนโดวันเดอร์เกษตร,13500,28 
ใกล้เดอะมอลล์งามวงศ์วานมเกษตรแอสปายงามวงศ์วานAspireNgamwongwan,8500,
LifeAsokeHypeไลฟ์อโศกไฮป์ใหม่ไม่เคย,24000,33 
พลัมคอนโดเซ็นทรัลสเตชั่นเฟส,16500,48.78 
คอนโด𝗡𝗼𝘁𝘁𝗶𝗻𝗴𝗛𝗶𝗹𝗹𝗦𝘂𝗸𝗵𝘂𝗺𝘃𝗶𝘁𝟭𝟬𝟱,12000,30.18 
คอนโดไอดีโอโมบิบางซื่อแกรนด์อินเตอร์เชนจ์ติดMRTสถานีเตาปูนเขตบางซื่อกรุงเทพฯ-ขนาด,13000,27 
คอนโด”รอยัลไนน์เรสซิเดนท์”ย่านพระรามเก้าชั้น,25000,96 
คอนโดTHEFINE@Riverเดอะฟายน์แอทริเวอร์,19000,61.5 
WeCondoEkkamai-Ramindra,8500,
คอนโดไนท์บริดจ์สเปซรัชโยธินติดบีทีเอสพหลโยธิน,27000,
คอนโดไนท์บริดไพร์มสาทรknightsbridgeprimesathorn,17000,25 
คอนโดติดBTS+วิวแม่น้ำชั้น,8000,
คอนโดΤhePolitanAquaเดอะโพลิแทนอควา​สนามบินน้ำนนทบุรี,15000,30 
คอนโดมิเนียมกรู๊ฟรัชดา-พระราม,15000,24 
คอนโดมิเนียมแอสปายสุขุมวิท,18000,38.5 
คอนโดAspireSukhumvit,18000,38.5 
คอนโดAspireสาทรราชพฤกษ์,15000,48 
คอนโดBrownCondoรัชดา,10000,
คอนโดCEkkamai,17000,
คอนโดChambersOnnutStation,16000,26 
คอนโดElioDelNestUdomsuk,19000,39 
คอนโดIDEOMOBISukhumvitEastpoint,15000,
คอนโดIdeoMobiSukhumvitEastpointคอนโดไอดีโอโมบิสุขุมวิทอีสพอยต์ใกล้BTSบางนา,13500,25 
คอนโดIDEOO2,15000,33 
คอนโดKnightsbridgeสุขุมวิท-เทพารักษ์KnightsbridgeSukhumvit-Thepharak,9500,23.88 
คอนโดLifeAsoke,16000,28 
คอนโดMaestro,23000,34 
คอนโดNicheMonoSukhumvit,13500,33 
คอนโดNobleRevolveRatchada,14000,26 
คอนโดNueNobleSrinakarin,11000,27 
คอนโดPrivateLuxuryHighriseพร้อม,15000,33.5 
คอนโดRegentBangna,11000,
คอนโดTheBaseParkEast,13000,26 
คอนโดTheBaseสะพานใหม่ติด,12500,28 
คอนโดTheBaseสะพานใหม่ติดBTS,12500,28 
คอนโดTheCubeLoftSrinakarin,9500,28.6 
คอนโดThecubeloftลาดพร้าว,15000,35.5 
คอนโดTheLineSukhumvit101,16500,
คอนโดTheLineSukhumvit101,16500,27.5 
คอนโดTheMetropolisSamrongInterchange,13000,
คอนโดTheOriginSukhumvit105,13000,29 
คอนโดThePrivacyS101,14000,
คอนโดTheTreeลาดพร้าว,15000,30.51 
คอนโดUKaset-Nawaminยูเกษตร-นวมินทร์,9000,26.39 
คอนโดโคลเวอร์ลาดพร้าวBTSMRTลาดพร้าว,10000,29 
คอนโดชีวาทัยเกษตร-นวมินทร์,11500,25 
คอนโดเซ็นทริคติวานนท์สเตชั่นห่างจากรถไฟฟ้าMRTติวานนท์,8500,32 
คอนโดเดอะไลน์พหลโยธินพาร์คBTSห้าแยกลาดพร้าว,18000,32.5
คอนโดเดอะทรีอินเตอร์เชนจ์THETREE,20000,58 
คอนโดเดอะทรีอินเตอร์เชนจ์THETREEINTERCHANGE,20000,58 
คอนโดเดอะแบงค็อกนราธิวาสTheBangkokNarathiwasซอยนราธิวาสราชนครินทร์,6500000,75.56 
คอนโดไนท์บริดไพร์มสาทรknightsbridgeprimesathorn,27000,37 
คอนโดบางใหญ่สเตชั่นเฟส1,7500,26
คอนโดโมนีคสุขุมวิท,20000,51.07 
คอนโดลุมพินีวิลล์จรัญ,9000,26 
UNKNOWN NAME,7500,
คอนโดเอสเปซไอดีอโศก-รัชดาใกล้MRTพระราม,14000,1634.16 
คอนโดเอลลิโอเดลมอสพหลโยธิน34,9500,26 
คอนโดแอสปายรัชโยธินใกล้รถไฟฟ้าBTSรัชโยธิน,15000,29 
คอนโดใกล้บีทีเอสสายสีเขียวสะพานใหม่N20,15000,27 
คอนโดใกล้บีทีเอสสายสีเขียวสะพานใหม่N20ถึง,15000,27 
คอนโดชาโตว์อินทาวน์พหลโยธิน32เสนานิคมจตุจักร,10000,
คอนโดแชปเตอร์วันออลรามอินทราMRTลาดปลาเค้า,10500,
คอนโดแชปเตอร์วันออลรามอินทราMRTลาดปลาเค้า,10500,24.25 
UNKNOWN NAME,11000,25
UNKNOWN NAME,11000,
UNKNOWN NAME,19000,35 
UNKNOWN NAME,33000,52 
UNKNOWN NAME,31000,36 
UNKNOWN NAME,10000,24.2 
UNKNOWN NAME,27000,
คอนโดมิเนียมโคลเวอร์ลาดพร้าวCloverLadpraoCondominium,10000,
คอนโดมิเนียมโคลเวอร์ลาดพร้าวCloverLadpraoCondominium,10000,29 
คอนโดมิเนียมชาโตว์อินทาวน์พหลโยธิน,10000,
คอนโดมิเนียมชาโตว์อินทาวน์พหลโยธิน,10000,30 
คอนโดมิเนียมแชปเตอร์ทองหล่อ,22000,
คอนโดมิเนียมเดอะออริจิ้นราม,9000,
คอนโดมิเนียมเดอะออริจิ้นราม209,9000,22.68 
คอนโดมิเนียมเดอะออริจิ้นราม209,9000,
คอนโดมิเนียมไนท์บริดจ์สเปซรัชโยธินKnightsbridgeSpaceRatchayothinใกล้BTSพหลโยธิน,26000,37.5 
คอนโดมิเนียมบราวน์คอนโดรัชดา,11000,
คอนโดมิเนียมบราวน์คอนโดรัชดา32,10000,
คอนโดมิเนียมบลอคส์,18000,40 
คอนโดมิเนียมบลอคส์,18000,
คอนโดมิเนียมฟินน์อารีย์FynnAreeBTSอารีย์,35000,47 
คอนโดมิเนียมมาเอสโตร,23000,34 
คอนโดมิเนียมรีเกิลอ่อนนุช-ศรีนครินทร์,13000,
คอนโดมิเนียมลุมพินีเพลสพระราม,12000,
คอนโดมิเนียมลุมพินีเพลสพระราม,12000,37 
คอนโดมิเนียมไลฟ์ลาดพร้าวLifeLadpraoCondominiumForrentค่า,23000,36 
คอนโดมิเนียมไลฟ์สุขุมวิท,16000,
คอนโดมิเนียมไลฟ์สุขุมวิท,30000,50 
คอนโดมิเนียมเอลลิโอสุขุมวิท,10000,31 
คอนโดมิเนียมไอวี่ทองหล่อIvyThonglorCondoForrentพร้อมเข้าอยู่,42000,43 
คอนโดมือ1ไม่แพงมีเงินเหลือ,6000,26 
คอนโดมือ1ไม่แพงมีเงินเหลือรวมหนี้ผ่อนทางเดียว,6000,26 
คอนโดเมโทรสกายวุฒากาศใกล้ตลาดพลู,11000,
คอนโดเมโทรสกายวุฒากาศใกล้ตลาดพลู,11000,30 
คอนโดเมโทรลักซ์,13000,35 
คอนโดดี,32000,41 
คอนโดดี,40000,41 
คอนโดดี,2290000,29 
คอนโดดี,33000,44 
คอนโดรีชพหลโยธิน,10000,
คอนโดลาดพร้าว,25000,35 
คอนโดลุมพินีมิกซ์เทพารักษ์ตึกB,5000,
คอนโดลุมพินีเพลสพหล-สะพานควายใกล้BTSสะพานควาย,20000,65 
คอนโดลุมพินีวิลล์สุขุมวิท,9500,
คอนโดศุภาลัยลอฟท์สถานีตลาดพลูพร้อมเข้าอยู่studioขนาด,13000,32 
UNKNOWN NAME,22000,49 
TheMonumentThongLo,150000,
UNKNOWN NAME,19000,30 
UNKNOWN NAME,42000,55 
UNKNOWN NAME,30000,40 
คอนโดLumpiniParkเพชรเกษม,6500,26 
คอนโดSYMVibha-Ladpraoซิมวิภา-ลาดพร้าว,25000,
คอนโดSYMVibha-Ladpraoซิมวิภา-ลาดพร้าว,25000,78 
คอนโดArtisanRatchada,17000,33
UNKNOWN NAME,34000,35 
คอนโดAtmozLadprao,16000,36 
คอนโดLifeLadpraoValleyไลฟ์ลาดพร้าวแวลลีย์,50000,58 
คอนโดใหม่ใกล้BTSบางนา,11000,
คอนโดใหม่โครงการSkyriseAvenueSukhumvit,28000,46.46 
คอนโดใหม่เดอะไลน์ไวบ์BTSห้าแยกลาดพร้าว,22000,37 
คอนโดใหม่ไลฟ์พหลลาดพร้าว,25000,35 
UNKNOWN NAME,9000,23 
UNKNOWN NAME,9000,
โครงการTheMetropolisSamrongInterchange,11000,
UNKNOWN NAME,12000,28 
UNKNOWN NAME,12000,28 
คอนโดเดอะมูฟบางแคเจ้าของเองติดโลตัสบางแคใกล้MRTบางแค,8500,25 
Maestro,23000,
คอนโดBelleGrandพระราม,40000,96 
GrandCondominiumWutthakatแกรนด์คอนโดมิเนียมวุฒากาศอาคารB,8000,27.4
คอนโดใกล้btsกรุงธนบุรี,12000,
คอนโดใกล้btsกรุงธนบุรี,12000,30 
คอนโดใกล้btsแบริ่ง,8000,30 
NottingHillTheExclusiveเจริญกรุง,13000,
UDelightResidenceRiverfrontพระราม,25000,56.27 
คอนโดElioSukhumvit,10000,31 
คอนโดIdeoMobiSukhumvitEastpointไอดีโอโมบิอีสพ้อยใกล้BTSบางนา,13500,
คอนโดIdeoO,15000,34 
คอนโดIdeoO,15000,
คอนโดPlumSukhumvit,14000,
คอนโดSupalaiParkEkkamaiThonglorศุภาลัยปาร์คเอกมัย-ทองหล่อใหญ่,17000,55 
ไนท์บริด์พหลโยธินอินเตอร์เชนจ์ใกล้btsวัดพระศรีbtsพหลโยธิน,14000,30 
แชปเตอร์วันอีโครัชดา-ห้วยขวางสวยMRTห้วยขวาง,15000,
แชปเตอร์วันอีโครัชดา-ห้วยขวางสวยMRTห้วยขวาง,15000,29 
ซันซิตี้MRTแยกไฟฉายSuncityมีเครื่องซักผ้าค่า,9000,26.75 
ด่วนMRTบางกระสอคอนโดแอสปายรัตนาธิเบศร์,7000,
คอนโดเดอะพาร์คแลนด์จรัญปิ่นเกล้าอาคารCชั้น,12000,
คอนโดเดอะพาร์คแลนด์จรัญปิ่นเกล้าอาคารCชั้น,12000,35 
HSukhumvit,45000,
CentricRatchadaSuthisanคอนโดเซ็นทริครัชดา-สุทธิสาร,14500,36 
TheOriginลาดพร้าว,12000,25 
เดอะกรีน,7500,
เดอะเคลฟริเวอร์ไลน์เจ้าพระยา-วงศ์สว่างTheClevRiverlineChaophraya-WongSawang,9500,25 
เดอะมิดคอนโดมิเนียมค่า,6500,
เดอะมิดคอนโดมิเนียมค่า,6500,29.24 
เดอะไลน์พหลโยธินพาร์คDuplexBTSห้าแยกลาดพร้าว,55000,82 
UNKNOWN NAME,26000,37.5 
ติดBTSรัชโยธินแมสซารีนรัชโยธินMazarineRatchayothinมุมไม่ติดใครใหญ่เฟอร์ครบ,20000,32 
ติดMrtบางพลัดแต่งครบคอนโดเดอลาพีสจรัญ,12000,27 
ติดMrtบางพลัดใหญ่คอนโดเดอลาพีสจรัญ,13000,
UNKNOWN NAME,19000,
ติดMRTรัชดาภิเษกคอนโดริทึ่มรัชดาRHYTHMRATCHADA,20000,47.7 
ติดBTSพหลโยธิน,11000,
UNKNOWN NAME,25000,35 
โนเบิลอราวน์อารีย์NobleAroundAriB,33000,
ไนท์บริดจ์ไพร์มรัชโยธินBTSพหลโยธิน,20000,35 
ชีวาทัยลาดพร้าว-โชคชัย,20000,45 
AshtonChula-Silomแอชตันจุฬา-สีลมMRTสามย่าน,525000,26.5 
ThePolitanRiveเดอะโพลิแทนรีฟ,14000,31.12 
ThePolitanRiveเดอะโพลิแทนรีฟ,14000,
ThePolitanRiveเดอะโพลิแทนรีฟ,14000,31.12 
Thepresidentsathon-ratchaphruek,10000,30 
คอนโดAspireวุฒากาศstudio,9000,22 
คอนโดBrownratchada,10000,24 
คอนโดCentricratchayothinBTSMRTรัชโยธิน,18000,35 
คอนโดCentricห้วยขวางBTSMRTห้วยขวาง,17000,31 
คอนโดratchayothinstationBTSMRTรัชโยธิน,12000,28 
คอนโดIdeo,15000,34 
คอนโดIdeoratchada-SuthisanBTSMRTสุทธิสาร,18000,35 
คอนโดIdeowutthakatBTSMRTวุฒากาศ,17000,45.59 
คอนโดLifeSukhumvit,23000,35 
คอนโดLyssratchayothinBTSMRTพหลโยธิน,16000,35 
คอนโดModizstationBTSMRTพหลโยธิน,13000,26 
คอนโดNichepridethonglorpetchburiBTSMRTเพชรบุรีทองหล่อ,15000,32 
คอนโดNobleReformBTSMRTอารีย์,33000,54 
คอนโดTheCubeloftLadprao,13000,28 
คอนโดTheOriginRam,9000,22.68 
คอนโดTheOriginRam,8500,22.68 
คอนโดTheRemarkAblesoonvijai,25000,55.64 
คอนโดโคลเวอร์ลาดพร้าวBTSMRTลาดพร้าว,10000,29 
คอนโดLife@Ratchada-HuaikhwangติดMRTห้วยขวาง,15000,
คอนโดหรูวิวสุดจึ้งTheLineSukhumvit,25000,
แชมเบอร์สอ่อนนุชสเตชั่นChambersOnnutStation,16000,26 
แชมเบอร์สอ่อนนุชสเตชั่นChambersOnnutStation,20000,26 
เดอะไลน์อโศกรัชดาTheLineAsokeRatchada,23000,35 
คอนโดเดอะไลน์ไวบ์,20000,32 
ออริจิ้นปลั๊กแอนด์เพลย์รามคำแหงทริปเปิ้ลสเตชั่น,25000,
CondoWish@siamใกล้BTSราชเทวี,12000,30 
VillaAsokeใกล้MRTเพชรบุรี,22000,52 
คอนโดArtisanMRTห้วยขวาง,13000,33.37 
คอนโดBLOCS,18000,40 
คอนโดLecosiEakkamai,13000,
คอนโดLifeAsokeวิวสูงโปร่งชั้น,35000,
คอนโดRhythmSathorn,35000,66.7 
คอนโดTheOriginRam,9000,
คอนโดคอนโดเสนาคิทท์mrtบางแคเฟส,7500,26
คอนโดโครงการลุมพินีวิลล์แจ้งวัฒนะ,7500,27 
คอนโดย่านจรัญ-สิรินธรคอนโดลุมพินีซีเล็คเต็ด-สเตชั่นจรัญ,9000,
คอนโดลุมพินีวิลล์รามอินทรา-หลักสี่,9900,34 
คอนโดTHERemarkAbleซอยศูนย์วิจัย,25000,55.64 
คอนโดแม็กซี่ไพร์มใกล้MRTสุทธิสาร,13000,30 
คอนโดติดMRTเตาปูนNicheprideTaopoonติดรถไฟฟ้าสถานีเตาปูนNichePrideTaopoon,18000,35 
คอนโดย่านบางนาTheMuveBangnaเดอะมูฟบางนาใกล้รถไฟฟ้าสถานีศรีเอี่ยม,9000,25 
คอนโดย่านบางนาTheMuveBangnaเดอะมูฟบางนาใกล้รถไฟฟ้าศรีเอี่ยม,9000,25 
คอนโดใหม่LIFEพหลโยธิน-ลาดพร้าว,27000,35 
ชีวาทัยเพชรเกษม,8000,
ชีวาทัยเพชรเกษม,8000,23.5 
UNKNOWN NAME,14000,25 
AspireRatchayothin,16000,
ideomobirama,13000,
คอนโดIdeomobiasokeใกล้MRTเพชรบุรีและมศว,17000,
RhythmAsoke-ขนาด,28000,45
UNKNOWN NAME,21000,
UNKNOWN NAME,21000,24.56 
TheOriginRatchada–Ladpraoดิออริจิ้นรัชดา–ลาดพร้าว,15000,28 
Mycondo,8800,27 
พลัมคอนโดบางใหญ่สเตชั่นสถานีคลองบางไผ่,5500,23 
ฟินน์อารีย์FYNNAree,35000,47 
เมธาเพลสรัชดาคอนโดว่าง,9500,32 
UNKNOWN NAME,13000,
UNKNOWN NAME,16500,
UNKNOWN NAME,16500,27.5 
UNKNOWN NAME,11000,
UNKNOWN NAME,11000,27 
ลิสส์รัชโยธินLyssRatchayothin,17000,
ลุมพินีวิลล์อ่อนนุชลาดกระบัง,7500,
IdeoCharan,20000,33 
IdeoQSukhumvit,33000,38.5 
ใกล้mrtบางพลัดIDEOCharan,16000,33 
แอทโมซแจ้งวัฒนะใกล้รถไฟฟ้า,8500,23 
สุทธิสาร,7500,24 
CondoTHELINEPhahonyothinParkคอนโดเดอะไลน์พหลโยธินพาร์ค,18000,32.5 
UNKNOWN NAME,18000,35 
UNKNOWN NAME,18000,
"คอนโด""TheCubeLoftSrinakarin-Theparakใกล้MRTศรีแบริ่ง",11000,
คอนโดBrownCondoรัชดา,11000,24 
UNKNOWN NAME,18000,
UNKNOWN NAME,18000,32 
TheTreeRioBangaorStationตอบแชทไวรหัสT,12000,32 
คอนโดไลฟ์พหลฯ-ลาดพร้าว,27000,35 
MYCONDOSukhumvit,15000,35 
ใกล้BTSห้าแยกลาดพร้าวคอนโดไลฟ์พหลฯ-ลาดพร้าวLifePhahon-Ladprao,27000,35 
ใกล้MRTพหลโยธินBTSห้าแยกลาดพร้าวคอนโดเดอะไพรเวซี่จตุจักรThePrivacyJatujak,16000,27 
Lifeonewireless,18000,28 
UNKNOWN NAME,12000,28 
ไอดีโอคิวสุขุมวิท,40000,44.79 
Elioสุขุมวิท,10000,31 
เดอะคิวเว่ติวานนท์,20000,32 
18,18000,
19,19000,
19,19000,36.75 
8,8500,28
9,9500,
9,9500,28.6 
ASHTONASOKEแอชตันอโศก,40000,35 
ASHTONASOKEคอนโดหรูใจกลางอโศกพร้อมเข้าอยู่แอชตันอโศกชั้น,35000,38 
AspireRatchayothin,16000,29 
AspireSathon-TaksinCopperZoneใกล้BTSสถานีวุฒากาศแค่,10500,
AspireSukhumvit,18000,
BelleGrandRama,40000,96 
BelleGrandพระราม,40000,96 
ChapterOneAllRamintra,10000,25 
Chapteroneflowbangpo,19500,
ChewathaiPinklao,14000,
ChewathaiPinklao,14000,30 
CocoParcRama,70000,65 
Eliodelrayสุขุมวิท,9000,24 
GrandCondominiumWutthakatแกรนด์คอนโดมิเนียมวุฒากาศอาคารB,8000,27.4 
IdeoMobiBangsueGrandInterchangeไอดีโอโมบิบางซื่อ-แกรนด์อินเตอร์เชนจ์โครงการอยู่บนถประชาชื่นMRTเตาปูนBL,25000,48 
IdeoMobiSukhumvitEastpointคอนโดไอดิโอโมบิสุขุมวิทอีสพ้อยท์ทำเลดีใกล้BTSบางนา,13500,25 
IdeoMobi,20000,
IdeoNewRama,25000,
IdeoNewRama,25000,52 
IdeoQSukhumvit,38000,45 
KnightsbridgeSukhumvit-Thepharakไนท์บริดจ์สุขุมวิท-เทพารักษ์l,10000,23 
LifeOneWirelessBTS,28000,
ModernCondo,8500,24.74 
OnederKasetวันเดอร์เกษตร,11000,25 
SupalaiParkTalatPhluStationศุภาลัยปาร์คสถานีตลาดพลูlชั้นสูงใหญ่ใกล้TheMallท่าพระ&BTSตลาดพลู,14000,36 
TheBaseSaphanmaiเดอะเบสสะพานใหม่ติดBTSสายหยุด,12000,28.5
TheBelgraviaรัชดา-ลาดพร้าว,11000,25 
TheCubeLoftศรีนครินทร์ใกล้MRTสายสีเหลือง,9500,28.6 
TheLIVINPhetkasemใหม่ตกแต่งพร้อมเข้าอยู่ได้เลยMRTสถานีภาษีเจริญ,15000,33 
TheMetropolisSamrongInterchange,11000,
TheOriginRam,9000,
TheoriginRamintra83,9000,
ThePresidentSathorn-Ratchapruek,9500,
ThePrivacyJatujakเดอะไพรเวซี่จตุจักร,16000,27 
ThePrivacyJatujakเดอะไพรเวซี่จตุจักรใกล้MRTพหลโยธิน,16000,27 
TheReservePhahol-Pradipatทำเลดีใกล้BTSสะพานควาย,27000,40 
TheRoomสุขุมวิท69,25000,35 
TheTreePattanakarn,13000,27 
WishSignatureMidtownSiamใกล้BTSสถานีราชเทวี,25000,34.5 
WishSignatureMidtownSiamใกล้BTSสถานีราชเทวี,25000,34.5 
UNKNOWN NAME,15000,
คอนโดAspireSukhumvit,18000,
คอนโดCityHomeRattanathibetรัตนาธิเบศร์,5000,32 
คอนโดElioDelNest,11000,26.82 
คอนโดEliodelnest,19000,39 
คอนโดEliodelnest,19000,
คอนโดIdeoMobiSukhumvitไอดิโอโมบิสุขุมวิท,16000,31 
คอนโดIdeoNewRama,25000,
คอนโดIdeoO,15000,34 
คอนโดIdeoO,15000,
คอนโดLifeAsokeHypeไลฟ์อโศกไฮป์ค่า,24000,
คอนโดLifePhahon-Ladpraoไลฟ์พหลฯ-ลาดพร้าว,27000,35 
คอนโดMaestro,23000,34 
คอนโดNobleBe,80000,79 
คอนโดPlumSukhumvit,14000,
คอนโดRegalSathon-Naradhiwasใกล้BTSช่องนนทรี,18000,33 
คอนโดRhythmsathornสาทรใกล้BTSสถานีสะพานตากสิน,20000,35 
คอนโดRhythmsathornสาทรใกล้BTSสถานีสะพานตากสิน,20000,35 
คอนโดTheOriginSukhumvit,13000,
คอนโดTheOriginSukhumvit,13000,28 
คอนโดWhizdomTheForestiasวิสซ์ดอมเดอะฟอเรสเทียส์,31000,35 
คอนโดซีเอกมัยCondoCEkkamaiBTSเอกมัย,17000,30.45
คอนโดซีเอกมัยCondoCEkkamaiใกล้BTSเอกมัย,19000,30 
คอนโดซีเอกมัยCondoCEkkamai,16000,35 
คอนโดเดอะไพรเวซี่ประชาอุทิศ-สุขสวัสดิ์THEPRIVACYPRACHAUTHIT-SUKSAWAT,6500,
คอนโดเดอะไพรเวซี่ประชาอุทิศ-สุขสวัสดิ์THEPRIVACYPRACHAUTHIT-SUKSAWAT,6500,24 
คอนโดเดอะมูฟราม,9000,
คอนโดเดอะไลน์วงศ์สว่างรถไฟฟ้าMRTวงสว่าง,25000,55.6 
คอนโดนิวครอสคูคตสเตชันNueCrossKhuKhotStationติดBTSคูคตBTS,9500,27 
คอนโดนิวคอร์คูคตสเตชันใหม่NueCoreKhuKhotStationใกล้สายสีเขียวสถานีคูคต,11000,27 
คอนโดเมโทรสกายวุฒากาศbtsวุฒากาศ,16000,
คอนโดเมโทรสกายวุฒากาศbtsวุฒากาศ,16000,35 
คอนโดรีเกิลอ่อนนุช,18000,38.2 
คอนโดไลฟ์อโศกไฮป์,24000,33 
คอนโดวิชซิกเนเจอร์แอทมิดทาวน์สยาม,22000,
คอนโดวิชซิกเนเจอร์แอทมิดทาวน์สยาม,22000,26.65 
คอนโดศุภาลัยคิวท์รัชโยธิน-พหลโยธิน,12000,
คอนโดศุภาลัยคิวท์รัชโยธิน-พหลโยธิน,12000,45.5 
คอนโดศุภาลัยวิสต้าห้าแยกปากเกร็ดใหญ่ดีค่า,8500,47 
คอนโดแอชตันจุฬาสีลมAshtonChulaSilomคอนโดใกล้มอจุฬาคอนโดสามย่าน,25000,25 
คอนโดแอสปายสุขุมวิท,17000,
คอนโดTheEditorSaphanKhwaiดิเอดิเตอร์สะพานควายติดBTSสะพานควาย,15000,29 
คอนโดลุมพินีสวีทเพชรบุรี-มักกะสัน,19500,
คอนโดวิสซ์ดอมอเวนิวรัชดา-ลาดพร้าวWhizdomAvenueRatchada-Ladpraoติดรถไฟฟ้าใต้ดินMRTลาดพร้าว,19000,
คอนโดวิสซ์ดอมอเวนิวรัชดา-ลาดพร้าวWhizdomAvenueRatchada-Ladpraoติดรถไฟฟ้าใต้ดินMRTลาดพร้าว,19000,31 
โครงการAshtonchula-silom,35000,
แชปเตอร์เจริญนครริเวอร์ไซด์Studio,17000,25.7
เซ็นทริครัชโยธินForCentricRatchayothin,22000,
เดอะเคลฟริเวอร์ไลน์เจ้าพระยา-วงศ์สว่างTheClevRiverlineChaophraya-WongSawang,9500,25 
เดอะมูฟบางแค,8500,25 
เดอะไลน์พหลโยธินพาร์คTHELINEPhahonyothinParkใกล้BTSห้าแยกลาดพร้าว,18000,32.5 
เดอะทรีหัวหมากอินเตอร์เชนจ์TheTreeHuamakInterchangel,1000,41.38 
บ้านสวยใกล้BTSอารีย์ซสายลม,45000,374 
CondoRegentHomeSukhumvit,9500,
เมโทรสกายวุฒากาศใกล้BTSวุฒากาศและMRTInterchangeบางหว้า,15000,35 
ลุมพินีวิลล์อ่อนนุช46,7500,
UNKNOWN NAME,13000,26 
อาคารพาณิชย์3ชั้น1,120000,
อาคารสำนักงานขนาด3ชั้น,110000,728 
เอสเพนคอนโดลาซาลตรงข้ามรพศิครินทร์ใกล้MrtศรีลาซาลตึกBชั้น,9000,27 
ไอดีโอนิวพระราม,25000,52 
ไอดีโอสุขุมวิท,17000,
ไอดีโอสุขุมวิท,17000,31.76 
𝐀𝐥𝐭𝐢𝐭𝐮𝐝𝐞𝐔𝐧𝐢𝐜𝐨𝐫𝐧สาทร-ท่าพระใกล้𝐁𝐓𝐒ตลาดพลู,13000,
𝐀𝐬𝐩𝐢𝐫𝐞สุขุมวิท𝟒𝟖ใกล้𝐁𝐓𝐒พระโขนง,16000,
𝐂𝐨𝐧𝐝𝐨𝐥𝐞𝐭𝐭𝐞𝐃𝐰𝐞𝐥𝐥𝐒𝐮𝐤𝐡𝐮𝐦𝐯𝐢𝐭𝟐𝟔ใกล้BTSพร้อมพงษ์,20000,
𝐍𝐔𝐄𝐂𝐑𝐎𝐒𝐒𝐊𝐇𝐔𝐊𝐇𝐎𝐓𝐒𝐓𝐀𝐓𝐈𝐎𝐍คอนโดใหม่ติดBTSคูคต,17000,
𝐔𝐃𝐞𝐥𝐢𝐠𝐡𝐭@𝐇𝐮𝐚𝐢𝐤𝐡𝐰𝐚𝐧𝐠𝐒𝐭𝐚𝐭𝐢𝐨𝐧มุม𝟒𝟐ตรมใกล้𝐌𝐑𝐓ห้วยขวาง,18000,
OnederKasetวันเดอร์เกษตร,11000,25 
หมู่บ้านเคซีครัสเตอร์วิล,12000,
TheRoomSukkumvit,35000,55 
𝐑𝐡𝐲𝐭𝐡𝐦𝐒𝐮𝐤𝐡𝐮𝐦𝐯𝐢𝐭𝟓𝟎ใกล้𝐁𝐓𝐒อ่อนนุชOnnutขนาด,19000,35 
MsocietyCondo,8000,
คอนโดLifeสุขุมวิท,15000,32 
UNKNOWN NAME,30000,40 
UNKNOWN NAME,14000,31 
คอนโดAspireRama,14000,28 
คอนโดAtmozแจ้งวัฒนะ,7300,
คอนโดBrightonPlaceพระราม,20000,62 
คอนโดChapterOneFlowบางโพ,15000,32.16 
คอนโดIdeoMobiSukhumvitEastpointใกล้BTSบางนา,13500,25 
คอนโดIdeomobiซอยรางน้ำ,18000,28 
คอนโดIdeomobiซอยรางน้ำ,18000,28 
คอนโดIdeoMobiสุขุมวิท,33000,61 
คอนโดKaveseedkasetเคฟซี้ดเกษตรใกล้มเกษตร,12000,
คอนโดKaveseedkasetเคฟซี้ดเกษตรใกล้มเกษตร,12000,26 
คอนโดKaveseedkasetเคฟซี้ดเกษตรใกล้มเกษตร,12000,
คอนโดLifeAsokeHype,24000,33
คอนโดLifeAsokeใกล้,35000,
คอนโดLifephahon-ladpraoคอนโดใหม่ไม่เคยเข้าอยู่ใกล้รถไฟฟ้า,27000,35 
คอนโดLifePhahon-Ladpraoตรงข้ามเซ็นทรัลลาดพร้าวคอนโดใหม่พร้อมเข้าอยู่ใกล้รถไฟฟ้า,25000,35 
คอนโดLumpiniPlaceพระราม,12000,
คอนโดLumpiniPlaceพระราม,12000,37 
คอนโดOkaHausbySansiri,24000,
คอนโดQuintaraPhumeSukhumvit39,20000,31
คอนโดQuintaraPhumeSukhumvit39,20000,31
คอนโดRhythmAsoke,28000,45
คอนโดRhythmSathornริทึ่มสาทร,23000,35 
คอนโดSiameseGioiaSukhumvit,25000,
คอนโดSUNCITY,8500,26 
คอนโดTheBaseSukhumvit,17000,34.75 
คอนโดTheColoryVivid,12000,
คอนโดTheColoryVivid,12000,33.84 
คอนโดTheCrystalBlissถเรวดีรัตนาธิเบศร์,7000,30 
คอนโดTheLineSukhumvit,16500,27.5 
คอนโดTheNextGardensuite,18000,52 
คอนโดTheOriginPlug&PlayRamintra,16000,27
คอนโดTheOriginRam,9000,22.68 
คอนโดThePolitanRive,11000,30 
คอนโดTheprivacyประชาอุทิศ,7000,
คอนโดTHERemarkAbleซอยศูนย์วิจัย,25000,55.64 
คอนโดUKaset-Nawaminยูเกษตร-นวมินทร์,9000,
คอนโดUKaset-Nawaminยูเกษตร-นวมินทร์,9000,26.39 
คอนโดWishSignature,22000,26.65 
คอนโดแกรนด์พาร์ควิวอโศกGrandParkViewAsok,17500,
คอนโดเคนซิงตันสุขุมวิท,10000,30 
คอนโดเคนซิงตันสุขุมวิท,10000,
คอนโดดิออริจิ้นลาดพร้าว,18000,
คอนโดดิออริจิ้นลาดพร้าว,18000,32 
คอนโดเดอะโพลิแทนอควาThePolitanAqua,15000,
คอนโดเดอะโพลิแทนอควาThePolitanAqua,11500,
คอนโดเดอะมาร์ครัชดา-แอร์พอร์ตลิงค์TheMarkRatchadaAirportlink,13000,35 
คอนโดเดอะเครสท์พหลโยธิน11BTSอารีย์,18000,45
คอนโดยูเกษตร-นวมินทร์UKaset-NawaminStudio,10000,26.39 
คอนโดลุมพินีเพลสพระราม,12000,
คอนโดศุภาลัยซิตี้รีสอร์ท,8000,
คอนโดไอดีโอสุขุมวิท,11000,
คอนโดลุมพินีวิลล์รามอินทราหลักสี่ข้างเซ็นทรัลรามอินทรา,9500,34 
คอนโดหรูCelesAsoke,230000,134 
คอนโดTheMonumentThonglor,450000,
คอนโดTheMonumentThonglor,450000,252 
คอนโดใหม่โครงการAspireเอราวัณไพร์ม,10000,
คอนโดแอชตันอโศก,40000,35 
คอนโดแอชตันอโศก,40000,35 
โครงการBeatniqSukhumvit,68000,58 
โครงการKhunByYoo,60000,48.83 
โครงการหมู่บ้านทรายทองติวานนท์ซอย,10000,
ทาวเฮาส์ซอยจรัญฯ,16000,
CondoRegentHomeSukhumvit,9500,28 
ลุมพินีคอนโดทาวน์รามอินทรา-นวมินทร์กม,7000,
โฮมออฟฟิศ3ชั้นNue,55000,220 
คอนโดWhizdomatthe,31000,35
​คอนโดมุมวิวสวย,6500,29.24 
THELINEAsok-Ratchadaเดอะไลน์อโศก-รัชดา,27500,35
โคลเวอร์ลาดพร้าวซอยลาดพร้าว,10000,29 
รับสัตว์เลี้ยงขนาดเล็กทั้งหมาทั้งแมวเลี้ยงระบบเปิดModernhomeplaceอ่อนนุช,24000,112.19 
ไอคอนโดสุขุมวิท,9000,29.96 
𝐀𝐬𝐩𝐢𝐫𝐞𝐑𝐚𝐦𝐚𝟒แอสปายพระราม,12000,28 
𝐀𝐭𝐦𝐨𝐳𝐏𝐨𝐫𝐭𝐫𝐚𝐢𝐭ศรีสมาน,15000,33 
𝐂𝐘𝐁𝐈𝐐𝐑𝐀𝐓𝐂𝐇𝐀𝐃𝐀𝟑𝟐,15000,
𝐂𝐘𝐁𝐈𝐐𝐑𝐀𝐓𝐂𝐇𝐀𝐃𝐀𝟑𝟐,15000,39 
𝐈𝐃𝐄𝐎𝐌𝐨𝐛𝐢𝐒𝐮𝐤𝐡𝐮𝐦𝐯𝐢𝐭𝟖𝟏,16000,22 
𝐋𝐢𝐟𝐞𝐨𝐧𝐞𝐰𝐢𝐫𝐞𝐥𝐞𝐬𝐬NearBTSPhloenChit,18000,
IdeomobiRangnam,18000,
Kaveseedkasetเคฟซี้ดเกษตร,12000,
lettedwellSukhumvit,18000,
LifeLadpraoValley,24000,
LifeRama,28000,
Muniqสุขุมวิท,100000,
RhythmSukhumvit,25000,
TheBaseRama,2190000,
TheEmporioPlaceDuplex,55000,
TheReserveatKasemsant,54000,
ริชปาร์ค@ทริปเปิ้ลสเตชั่น,16000,
ลุมพินีพาร์คพหล,13000,
𝐑𝐞𝐠𝐞𝐧𝐭𝐇𝐨𝐦𝐞𝟐𝟐𝐒𝐮𝐤𝐡𝐮𝐦𝐯𝐢𝐭𝟖𝟓𝐁𝐓𝐒อ่อนนุช,8000,31 
𝐓𝐇𝐄𝐄𝐒𝐒𝐄𝐒𝐮𝐤𝐡𝐮𝐦𝐯𝐢𝐭𝟑𝟔BTSThongLor,55000,
𝐓𝐑𝐄𝐄𝐂𝐨𝐧𝐝𝐨𝐄𝐤𝐤𝐚𝐦𝐚𝐢𝐒𝐮𝐤𝐡𝐮𝐦𝐯𝐢𝐭𝟒𝟐𝐁𝐓𝐒𝐄𝐤𝐤𝐚𝐦𝐚𝐢,16000,
𝐓𝐡𝐞𝐏𝐫𝐢𝐯𝐚𝐜𝐲𝐒𝟏𝟎𝟏เดอะไพรเวซี่เอส,13000,27 
𝐓𝐡𝐞𝐚𝐝𝐝𝐫𝐞𝐬𝐬𝐬𝐢𝐚𝐦𝐫𝐚𝐭𝐜𝐡𝐚𝐭𝐡𝐞𝐰𝐢,70000,
คอนโดพาร์คแลนด์รัชดา-ท่าพระใกล้BTSตลาดพลู,1950000,32 
UNKNOWN NAME,22000,
𝗕𝗹𝗼𝘀𝘀𝗼𝗺𝗖𝗼𝗻𝗱𝗼@𝗦𝗮𝘁𝗵𝗼𝗿𝗻-𝗖𝗵𝗮𝗿𝗼𝗲𝗻𝗿𝗮𝘁ใกล้BTSสุรศักดิ์,6050000,
BLOCS,18000,40 
BrownRatchada,10000,24 
Khunbyyoo,260000,139.25 
LifeAsokeHype,24000,33 
LifeAsokeRama,36000,58 
LifeAsoke-Rama,19000,28 
Lumpiniplacerama,12000,37 
MetroLuxeRatchada,13000,28.46 
MoriHaus,17500,36 
NoblerevloveRatchada,15000,26 
NUSASIRIGRANDCONDO,90000,
NUSASIRIGRANDCONDO,90000,155 
OkaHausSukhumvit,20000,35.35 
RhythmAsoke,15500,27.5 
TheBloomSukhumvit,14000,34.10 
TheEsseatSinghaComplex,28000,35 
Thelineasokeratchada,20000,33 
TheLineAsokeRatchada,20000,36 
TheLineAsoke-Ratchada,18000,29 
Via,40000,46 
WhizdomAvenueRatchada-Ladprao,40000,57 
𝗥𝗵𝘆𝘁𝗵𝗺𝗦𝘂𝗸𝗵𝘂𝗺𝘃𝗶𝘁𝟱𝟬BTSOnnut,1000,
𝗧𝗿𝗲𝗲𝗖𝗼𝗻𝗱𝗼𝗘𝗸𝗸𝗮𝗺𝗮𝗶𝗦𝘂𝗸𝗵𝘂𝗺𝘃𝗶𝘁𝟰𝟮BTSEkkamaiCode,16000,
,,
,,
,,
